,Air Temperature,Humidity,Wind Speed,Barometric Pressure,Solar Radiation,Total Rain
Air Temperature,1.0,0.008765919631683704,-0.2283099320984538,-0.2436354670917783,0.23407306187774568,0.4224217259624036
Humidity,0.008765919631683704,1.0,0.017026767312054932,-0.1895464463543585,-0.15552108590313293,0.10096358182202284
Wind Speed,-0.2283099320984538,0.017026767312054932,1.0,-0.08146243150597969,0.03685793498664357,-0.09853863133744423
Barometric Pressure,-0.2436354670917783,-0.1895464463543585,-0.08146243150597969,1.0,0.06427694276711694,0.008179294426410813
Solar Radiation,0.23407306187774568,-0.15552108590313293,0.03685793498664357,0.06427694276711694,1.0,0.053473012687866535
Total Rain,0.4224217259624036,0.10096358182202284,-0.09853863133744423,0.008179294426410813,0.053473012687866535,1.0
