Metric,Linear Regression,Random Forest,XGBoost
R2,0.22290079264296436,0.3561490328310547,0.3976542191649065
RMSE,8.986378002325663,8.179732965621744,7.911692257831281
MAE,7.60829985161003,6.171701917112534,6.082769868632844
